{"cameraMode":{"drawMode":0,"name":"Shaded","section":"Shading Mode"},"sceneLighting":false,"audioPlay":false,"sceneViewState":{"showFog":true,"showMaterialUpdate":false,"showSkybox":false,"showFlares":true,"showImageEffects":true,"showParticleSystems":true},"in2DMode":false,"pivot":{"x":6.451685905456543,"y":-2.639889717102051,"z":5.97004508972168},"rotation":{"x":0.056517984718084338,"y":0.9245330691337586,"z":-0.15139257907867433,"w":0.345150887966156},"size":22.75816535949707,"orthographic":false}