{"cameraMode":{"drawMode":0,"name":"Shaded","section":"Shading Mode"},"sceneLighting":false,"audioPlay":false,"sceneViewState":{"showFog":true,"showMaterialUpdate":false,"showSkybox":false,"showFlares":true,"showImageEffects":true,"showParticleSystems":true},"in2DMode":false,"pivot":{"x":316.8431091308594,"y":314.2459716796875,"z":33.44158935546875},"rotation":{"x":0.08431193232536316,"y":0.3083421587944031,"z":-0.027545249089598657,"w":0.9471951723098755},"size":38.450923919677737,"orthographic":false}